BÀI TẬP,Bài 08 Index Match Sumproduct
"Mở file này trong Excel, làm từng yêu cầu rồi đối chiếu đáp án"

Yêu cầu 1 (cong_thuc),"Nhập công thức VLOOKUP / HLOOKUP (ôn) theo ví dụ trong bài (kết quả mẫu: =VLOOKUP(loại phòng, bảng, 2, 0))"
Đáp án,"=VLOOKUP(loại phòng, bảng, 2, 0)"

Yêu cầu 2 (cong_thuc),"Nhập công thức SUMPRODUCT cơ bản theo ví dụ trong bài (kết quả mẫu: =SUMPRODUCT(D4:D15,E4:E15))"
Đáp án,"=SUMPRODUCT(D4:D15,E4:E15)"

Yêu cầu 3 (cong_thuc),Nhập công thức SUMPRODUCT 1 điều kiện theo ví dụ trong bài (kết quả mẫu: =SUMPRODUCT((C4:C15=H6))
Đáp án,=SUMPRODUCT((C4:C15=H6)

Yêu cầu 4 (cong_thuc),Nhập công thức SUMPRODUCT OR theo ví dụ trong bài (kết quả mẫu: =SUMPRODUCT(((C=H11))
Đáp án,=SUMPRODUCT(((C=H11)

Yêu cầu 5 (cong_thuc),Nhập công thức SUMPRODUCT nhiều điều kiện theo ví dụ trong bài (kết quả mẫu: =SUMPRODUCT(((r=c1))
Đáp án,=SUMPRODUCT(((r=c1)

Yêu cầu 6 (cong_thuc),Nhập công thức DAY theo ví dụ trong bài (kết quả mẫu: =DAY(28/10/2020))
Đáp án,=DAY(28/10/2020)

Yêu cầu 7 (cong_thuc),"Nhập công thức TEXT (thứ Anh) theo ví dụ trong bài (kết quả mẫu: =TEXT(ngày,""ddd""))"
Đáp án,"=TEXT(ngày,""ddd"")"

Yêu cầu 8 (cong_thuc),"Nhập công thức WEEKDAY theo ví dụ trong bài (kết quả mẫu: =WEEKDAY(serial, [type]))"
Đáp án,"=WEEKDAY(serial, [type])"

Yêu cầu 9 (cong_thuc),Nhập công thức IF + WEEKDAY theo ví dụ trong bài (kết quả mẫu: =IF(WEEKDAY(ô))
Đáp án,=IF(WEEKDAY(ô)

Yêu cầu 10 (cong_thuc),Nhập công thức MONTH theo ví dụ trong bài (kết quả mẫu: =MONTH(28/10/2020))
Đáp án,=MONTH(28/10/2020)

Yêu cầu 11 (cong_thuc),"Nhập công thức EOMONTH theo ví dụ trong bài (kết quả mẫu: =EOMONTH(28/10/2020,0))"
Đáp án,"=EOMONTH(28/10/2020,0)"

Yêu cầu 12 (cong_thuc),"Nhập công thức EDATE theo ví dụ trong bài (kết quả mẫu: =EDATE(28/10/2020,12*5))"
Đáp án,"=EDATE(28/10/2020,12*5)"

