BÀI TẬP,"Bài 14 Thủ thuật Excel 1 (Đánh STT, Di chuyển, Xóa ô trống, AutoFit)"
"Mở file này trong Excel, làm từng yêu cầu rồi đối chiếu đáp án"

Yêu cầu 1 (cong_thuc),"Nhập công thức  theo ví dụ trong bài (kết quả mẫu: =A2+1 tại A3, copy xuống tới hàng cuối, rồi Paste Values)"
Đáp án,"=A2+1 tại A3, copy xuống tới hàng cuối, rồi Paste Values"

Yêu cầu 2 (thao_tac),"Thực hiện bước: STT cách 1 (kéo 1-2): nhập 1, 2 vào 2 ô đầu > bôi cả 2 > kéo dấu + (fill handle) góc dưới-phải xuống hết."

Yêu cầu 3 (thao_tac),Thực hiện bước: STT cách 2 (Fill Series): nhập 1 > Enter > kéo xuống > click Auto Fill Options > Fill Series. Cách 3 (Ctrl+drag): nhập 1 > giữ Ctrl+kéo xuống (thấy dấu + nhỏ) >

Yêu cầu 4 (thao_tac),"Thực hiện bước: STT cách 4 (dữ liệu dài hàng nghìn): nhập 1, ô dưới gõ '=A2+1' > Enter > copy ô công thức > Ctrl+Shift+Mũi tên xuống tới cuối (giữ Shift+Mũi tên lên điều chỉnh)"

Yêu cầu 5 (thao_tac),Thực hiện bước: Di chuyển hàng/cột/vùng: bôi tiêu đề hàng-cột (hoặc vùng) > trỏ vào viền tới mũi tên 4 hướng > giữ trái kéo tới vị trí mới > thả. Đổi chỗ chèn (không đè): giữ t

Yêu cầu 6 (thao_tac),Thực hiện bước: Xóa ô trống 3 cách: (a) Sort A-Z đẩy trống xuống cuối rồi xóa hàng; (b) Filter bỏ tick Blanks / lọc Blanks rồi xóa; (c) Find & Select > Go To Special > Blanks >

Yêu cầu 7 (thao_tac),Thực hiện bước: AutoFit cột: double-click biên phải tiêu đề cột để vừa chữ dài nhất; chọn nhiều cột (Ctrl+A cả bảng) rồi double-click 1 biên để fit hàng loạt; kéo tay khi cần r

