BÀI TẬP,Bai 25 - Lap trinh VBA trong Excel
"Mở file này trong Excel, làm từng yêu cầu rồi đối chiếu đáp án"

Yêu cầu 1 (thao_tac),"Thực hiện bước: Buoc 1 (Mo VBE + Sub dau tien): Bat Developer > Alt+F11 > View > Immediate (Ctrl+G) > Insert > Module > Viet Sub SayHello + MsgBox > F5; doi sang Cells(1,1)=..."

Yêu cầu 2 (thao_tac),"Thực hiện bước: Buoc 2 (Cell-Range-Sheet-Workbook-Dim): Cells(hang,cot), Range(""A1:B3""), Sheets(ten/so), Workbooks(...).Sheets(...).Cells(...) > Dim Integer/Long/String/Variant"

Yêu cầu 3 (thao_tac),Thực hiện bước: Buoc 3 (In phieu + xoa sheet): While/For quet thi sinh + PrintOut Preview:=False > gan nut 'In danh sach' > For Each ws + If Name<>Active thi Delete + DisplayAl

Yêu cầu 4 (thao_tac),Thực hiện bước: Buoc 4 (Copy file FSO): Lay duong dan nguon/dich + kieu (*.*) > FSO CopyFile + FolderExists + MsgBox/Exit Sub > gan nut

Yêu cầu 5 (thao_tac),Thực hiện bước: Buoc 5 (Gui mail hang loat): References tick Outlook > CreateObject Outlook + For i=2 To CountA + Substitute + HTMLBody + Attachments.Add + Send > nut 'Gui emai

