BÀI TẬP,Bai 21 - Cong thuc mang (Array Formulas)
"Mở file này trong Excel, làm từng yêu cầu rồi đối chiếu đáp án"

Yêu cầu 1 (cong_thuc),Nhập công thức MAX theo ví dụ trong bài (kết quả mẫu: =MAX(C2:C8-B2:B8))
Đáp án,=MAX(C2:C8-B2:B8)

Yêu cầu 2 (cong_thuc),Nhập công thức MIN theo ví dụ trong bài (kết quả mẫu: =MIN(C2:C8-B2:B8))
Đáp án,=MIN(C2:C8-B2:B8)

Yêu cầu 3 (cong_thuc),Nhập công thức SUM theo ví dụ trong bài (kết quả mẫu: =SUM(ISERROR(B3:B9))
Đáp án,=SUM(ISERROR(B3:B9)

Yêu cầu 4 (cong_thuc),Nhập công thức SUM theo ví dụ trong bài (kết quả mẫu: =SUM(--ISERROR(B3:B9))
Đáp án,=SUM(--ISERROR(B3:B9)

Yêu cầu 5 (cong_thuc),Nhập công thức SUM theo ví dụ trong bài (kết quả mẫu: =SUM(ISBLANK(B3:B9))
Đáp án,=SUM(ISBLANK(B3:B9)

Yêu cầu 6 (cong_thuc),Nhập công thức SUM theo ví dụ trong bài (kết quả mẫu: =SUM((NOT(ISBLANK(B3:B9))
Đáp án,=SUM((NOT(ISBLANK(B3:B9)

Yêu cầu 7 (cong_thuc),"Nhập công thức MAX theo ví dụ trong bài (kết quả mẫu: =MAX(IF((A3:A11=""Cao""))"
Đáp án,"=MAX(IF((A3:A11=""Cao"")"

Yêu cầu 8 (cong_thuc),Nhập công thức MIN theo ví dụ trong bài (kết quả mẫu: =MIN(IF((dk1))
Đáp án,=MIN(IF((dk1)

Yêu cầu 9 (cong_thuc),"Nhập công thức COUNT theo ví dụ trong bài (kết quả mẫu: =COUNT(MATCH(G2:G5,vung,0))"
Đáp án,"=COUNT(MATCH(G2:G5,vung,0)"

Yêu cầu 10 (cong_thuc),"Nhập công thức SUM theo ví dụ trong bài (kết quả mẫu: =SUM(MID(B3,ROW(INDIRECT(""1:""&LEN(B3))"
Đáp án,"=SUM(MID(B3,ROW(INDIRECT(""1:""&LEN(B3)"

Yêu cầu 11 (cong_thuc),"Nhập công thức SUM theo ví dụ trong bài (kết quả mẫu: =SUM(ROW(INDIRECT(A2&"":""&B2))"
Đáp án,"=SUM(ROW(INDIRECT(A2&"":""&B2)"

Yêu cầu 12 (cong_thuc),"Nhập công thức AVERAGE theo ví dụ trong bài (kết quả mẫu: =AVERAGE(ROW(INDIRECT(A2&"":""&B2))"
Đáp án,"=AVERAGE(ROW(INDIRECT(A2&"":""&B2)"

