BÀI TẬP,Bài 12 Paste Special (Dán đặc biệt)
"Mở file này trong Excel, làm từng yêu cầu rồi đối chiếu đáp án"

Yêu cầu 1 (cong_thuc),Nhập công thức  theo ví dụ trong bài (kết quả mẫu: =D5/C5 ra 90%)
Đáp án,=D5/C5 ra 90%

Yêu cầu 2 (cong_thuc),Nhập công thức  theo ví dụ trong bài (kết quả mẫu: =1-K5)
Đáp án,=1-K5

Yêu cầu 3 (cong_thuc),Nhập công thức  theo ví dụ trong bài (kết quả mẫu: =1-15% ra 85%)
Đáp án,=1-15% ra 85%

Yêu cầu 4 (cong_thuc),Nhập công thức  theo ví dụ trong bài (kết quả mẫu: =100%+15% ra 115%)
Đáp án,=100%+15% ra 115%

Yêu cầu 5 (cong_thuc),Nhập công thức  theo ví dụ trong bài (kết quả mẫu: =B6*23000)
Đáp án,=B6*23000

Yêu cầu 6 (thao_tac),"Thực hiện bước: Hiểu Paste Special: Ctrl+V dán tất cả; Paste Special (Alt+E+S hoặc Ctrl+Alt+V) chỉ dán 1 thành phần. Mở hộp thoại rồi chọn mục cần, OK."

Yêu cầu 7 (thao_tac),"Thực hiện bước: Cách 1 - Copy Format: bôi vùng mẫu 2020 > Copy > bôi vùng 2021 > Paste Special > Formats > OK (mang màu, khung, font theo)."

Yêu cầu 8 (thao_tac),Thực hiện bước: Cách 2 - Copy dropdown (Validation): click ô đã có dropdown > Copy > bôi vùng Giới tính mới > Paste Special > Validation > OK. Tạo dropdown gốc: Data > Data Val

Yêu cầu 9 (thao_tac),"Thực hiện bước: Cách 3 - Dương thành âm / nhân hệ số: nhập -1 (hoặc 1-15%=85%, 100%+15%=115%) ra ô phụ > Copy > bôi vùng cần > Paste Special > Multiply > OK."

Yêu cầu 10 (thao_tac),Thực hiện bước: Cách 4 - Transpose (xoay dọc-ngang): bôi vùng dọc > Copy > chọn ô đích NGOÀI vùng nguồn > Paste Special > Transpose > OK.

Yêu cầu 11 (thao_tac),Thực hiện bước: Cách 5 - Chốt công thức thành giá trị: bôi vùng công thức (VND =B6*23000) > Copy > Paste Special > Values > OK; sửa nguồn không đổi kết quả.

Yêu cầu 12 (thao_tac),Thực hiện bước: Cách 6 - Copy độ rộng cột: click 1 ô cột mẫu > Copy > bôi cột đích > Paste Special > Column widths > OK (bài 10 cũng dùng).

