BÀI TẬP,Bài 02 Nhập liệu và làm quen thành phần Excel
"Mở file này trong Excel, làm từng yêu cầu rồi đối chiếu đáp án"

Yêu cầu 1 (thao_tac),"Thực hiện bước: Phân biệt Save và Save As: file chưa tên thì cả hai đều hỏi tên; file đã có tên thì Save (Ctrl+S) cập nhật tại chỗ, Save As (F12) tạo file mới."

Yêu cầu 2 (thao_tac),Thực hiện bước: Đổi chuẩn nhập ngày tháng (ngày trước hay tháng trước) trong Control Panel > Region: chuyển English (US) <-> Vietnamese; Format/Number để kiểm tra.

Yêu cầu 3 (thao_tac),"Thực hiện bước: Tải thư mục Bài 2, mở Excel trắng, chèn ảnh thời khóa biểu mẫu: Insert > Pictures > chọn ảnh để nhìn mẫu và nhập theo."

Yêu cầu 4 (thao_tac),Thực hiện bước: Nhập Buổi/Tiết: gõ 'Thu 2' rồi kéo fill handle (dấu + góc ô) đến Thu 6; nhập khung giờ 7:30-8:15 cho từng tiết.

Yêu cầu 5 (thao_tac),Thực hiện bước: Gộp tiêu đề SÁNG/CHIỀU: bôi vùng > Merge & Center; tạo gạch chéo ô B2 (Thời gian\Buổi): Format Cells > Border > chọn đường chéo; gõ 'Thời gian' Alt+Enter 'Buổi'

Yêu cầu 6 (thao_tac),"Thực hiện bước: Kẻ khung: bôi toàn bảng > All Borders; tô nền vàng, chữ đỏ, in đậm tiêu đề; căn giữa ngang/dọc."

Yêu cầu 7 (thao_tac),"Thực hiện bước: Nhập môn học theo mẫu, xóa ảnh mẫu, File > Save với tên 'Nhap lieu Thoi khoa bieu'."

Yêu cầu 8 (thao_tac),"Thực hiện bước: Làm quen thành phần: Formula Bar (nội dung thật), Name Box (địa chỉ), các tab File/Home/Insert/Page Layout, nhóm Font/Alignment/Number."

