BÀI TẬP,"Bài 13 Kỹ năng quan trọng (Quick Analysis, Flash Fill, Freeze Panes, Remove Duplicates)"
"Mở file này trong Excel, làm từng yêu cầu rồi đối chiếu đáp án"

Yêu cầu 1 (thao_tac),Thực hiện bước: Quick Analysis: bôi toàn vùng dữ liệu > nút vuông góc dưới-phải (hoặc Ctrl+Q) > chọn thẻ Formatting/Charts/Totals/Tables/Sparklines.

Yêu cầu 2 (thao_tac),"Thực hiện bước: Formatting nhanh: Data Bars (thanh % theo giá trị), Color Scales (đậm-nhạt theo lớn-nhỏ), Icon Sets (mũi tên tăng-giảm). Chọn là áp dụng ngay Conditional Format"

Yêu cầu 3 (thao_tac),Thực hiện bước: Totals nhanh: Sum/Average/Count/%Total/Running Total (ví dụ Sum cộng cột STT; không áp cho cột giới tính). Charts: Clustered Column xem doanh thu 3 môn từng ngư

Yêu cầu 4 (thao_tac),Thực hiện bước: Flash Fill tách Họ: gõ họ đầu tiên (Cao) > Enter > sang ô dưới > Data > Flash Fill (Ctrl+E) — tự điền họ còn lại. Tương tự tách Tên (Cúc).

Yêu cầu 5 (thao_tac),"Thực hiện bước: Flash Fill viết tắt/gộp: gõ 'CV C' (Cao Văn Cúc) > Enter > Ctrl+E ra BTT, DVD...; gộp ngược: gõ họ tên đầy đủ từ 2 cột rồi Ctrl+E."

Yêu cầu 6 (thao_tac),Thực hiện bước: Cố định tiêu đề (Freeze Panes): chọn ô dưới hàng + phải cột cần giữ > View > Freeze Panes > Freeze Panes. Xóa trùng: Data > Remove Duplicates > chọn cột khóa > 

