BÀI TẬP,"Bai 20 PivotTable trong Excel: Table, Pivot Fields, Values, Slicer, Group, PivotChart, Refresh"
"Mở file này trong Excel, làm từng yêu cầu rồi đối chiếu đáp án"

Yêu cầu 1 (thao_tac),"Thực hiện bước: {'ten': 'Chuan bi Table + chen Pivot', 'cac_buoc': [{'buoc': 1, 'thao_tac': 'Click trong vung ~5000 dong > Insert > Table > tich Headers > OK', 'phim_tat': 'Ctr"

Yêu cầu 2 (thao_tac),"Thực hiện bước: {'ten': 'Keo Fields + Values + % + format', 'cac_buoc': [{'buoc': 1, 'thao_tac': 'Keo Khu vuc>Filters, San pham>Columns, NPP>Rows, Doanh thu>Values', 'phim_tat'"

Yêu cầu 3 (thao_tac),"Thực hiện bước: {'ten': 'Layout + Sort + Group/Thang Nam', 'cac_buoc': [{'buoc': 1, 'thao_tac': 'Design > Subtotals/Grand Totals On/Off; Layout Tabular', 'phim_tat': '', 'luu_y"

Yêu cầu 4 (thao_tac),"Thực hiện bước: {'ten': 'Slicer + Connections + PivotChart + Refresh', 'cac_buoc': [{'buoc': 1, 'thao_tac': 'Analyze > Insert Slicer > NPP, Ngay; Columns 2/4; Multi-select de c"

