BÀI TẬP,Bai 04 nhom ham dem COUNT COUNTA COUNTBLANK COUNTIF COUNTIFS
"Mở file này trong Excel, làm từng yêu cầu rồi đối chiếu đáp án"

Yêu cầu 1 (cong_thuc),Nhập công thức COUNT theo ví dụ trong bài (kết quả mẫu: =COUNT(B2:E8))
Đáp án,=COUNT(B2:E8)

Yêu cầu 2 (cong_thuc),Nhập công thức COUNTA theo ví dụ trong bài (kết quả mẫu: =COUNTA(B2:E8))
Đáp án,=COUNTA(B2:E8)

Yêu cầu 3 (cong_thuc),Nhập công thức COUNTBLANK theo ví dụ trong bài (kết quả mẫu: =COUNTBLANK(B2:E8))
Đáp án,=COUNTBLANK(B2:E8)

Yêu cầu 4 (cong_thuc),"Nhập công thức COUNTIF theo ví dụ trong bài (kết quả mẫu: =COUNTIF(B2:E8,""con*""))"
Đáp án,"=COUNTIF(B2:E8,""con*"")"

Yêu cầu 5 (cong_thuc),"Nhập công thức COUNTIFS theo ví dụ trong bài (kết quả mẫu: =COUNTIFS(B2:E8,"">50"",B2:E8,""<60""))"
Đáp án,"=COUNTIFS(B2:E8,"">50"",B2:E8,""<60"")"

Yêu cầu 6 (cong_thuc),"Nhập công thức SUMIFS on tap 2-3 dieu kien theo ví dụ trong bài (kết quả mẫu: =SUMIFS(DT,KV,F16,SP,G14))"
Đáp án,"=SUMIFS(DT,KV,F16,SP,G14)"

Yêu cầu 7 (cong_thuc),Nhập công thức AVERAGE tinh diem trung binh theo ví dụ trong bài (kết quả mẫu: =AVERAGE(B2:D2))
Đáp án,=AVERAGE(B2:D2)

Yêu cầu 8 (thao_tac),"Thực hiện bước: Giai bai tap bai 3: dung SUMIFS cho 2 dieu kien san pham + khu vuc, F4 co dinh vung va o dieu kien; mo rong 3 dieu kien them cap (vung DT, lon hon 800000)."

Yêu cầu 9 (thao_tac),"Thực hiện bước: Dung COUNT de dem o so, COUNTA dem o co ky tu, COUNTBLANK dem o rong tren vung B2:E8 (24/32/3)."

Yêu cầu 10 (thao_tac),"Thực hiện bước: Thi nghiem go text/so vao o rong de thay COUNTA tang, COUNTBLANK giam, COUNT tang khi go so."

Yêu cầu 11 (thao_tac),Thực hiện bước: Dung COUNTIF 1 dieu kien chuoi: con* de dem bat dau bang con (=3); giai thich vi sao con khong co * thi =0.

Yêu cầu 12 (thao_tac),Thực hiện bước: Dung COUNTIFS nhieu dieu kien so: lon hon 50 va nho hon 60 (=5); mo rong tu COUNTIF chi can them s.

