BÀI TẬP,"Bai 19 in an trong Excel: Print Preview, Page Setup, Margins, Fit to Page, Page Break, Print Titles"
"Mở file này trong Excel, làm từng yêu cầu rồi đối chiếu đáp án"

Yêu cầu 1 (thao_tac),"Thực hiện bước: {'ten': 'Gan nut Preview + chon may in/PDF + pham vi', 'cac_buoc': [{'buoc': 1, 'thao_tac': 'Click mui ten Quick Access > tich Print Preview and Print', 'phim_t"

Yêu cầu 2 (thao_tac),"Thực hiện bước: {'ten': 'Huong giay + le + don vi + can giua', 'cac_buoc': [{'buoc': 1, 'thao_tac': 'Chon Orientation Portrait/Landscape theo dang bang', 'phim_tat': '', 'luu_y"

Yêu cầu 3 (thao_tac),"Thực hiện bước: {'ten': 'Fit ve 1 trang + Page Break Preview', 'cac_buoc': [{'buoc': 1, 'thao_tac': 'Cach 1: Ctrl+P > No Scaling > Fit Sheet on One Page', 'phim_tat': '', 'luu_"

Yêu cầu 4 (thao_tac),"Thực hiện bước: {'ten': 'Header/Footer + Print Titles + Print Area + Break + Gridlines', 'cac_buoc': [{'buoc': 1, 'thao_tac': ""Page Setup > Header/Footer > Custom Left 'Ga Exce"

