BÀI TẬP,Bài 06 18 hàm xử lý chuỗi
"Mở file này trong Excel, làm từng yêu cầu rồi đối chiếu đáp án"

Yêu cầu 1 (cong_thuc),"Nhập công thức TRIM theo ví dụ trong bài (kết quả mẫu: =TRIM(""  Nguyễn   Văn An ""))"
Đáp án,"=TRIM(""  Nguyễn   Văn An "")"

Yêu cầu 2 (cong_thuc),"Nhập công thức PROPER theo ví dụ trong bài (kết quả mẫu: =PROPER(""nguyễn văn an""))"
Đáp án,"=PROPER(""nguyễn văn an"")"

Yêu cầu 3 (cong_thuc),"Nhập công thức UPPER theo ví dụ trong bài (kết quả mẫu: =UPPER(""Nguyễn Văn An""))"
Đáp án,"=UPPER(""Nguyễn Văn An"")"

Yêu cầu 4 (cong_thuc),"Nhập công thức LOWER theo ví dụ trong bài (kết quả mẫu: =LOWER(""NGUYỄN VĂN AN""))"
Đáp án,"=LOWER(""NGUYỄN VĂN AN"")"

Yêu cầu 5 (cong_thuc),Nhập công thức LEN theo ví dụ trong bài (kết quả mẫu: =LEN(B3))
Đáp án,=LEN(B3)

Yêu cầu 6 (cong_thuc),"Nhập công thức LEFT theo ví dụ trong bài (kết quả mẫu: =LEFT(""Gà Excel 2020"",2))"
Đáp án,"=LEFT(""Gà Excel 2020"",2)"

Yêu cầu 7 (cong_thuc),"Nhập công thức RIGHT theo ví dụ trong bài (kết quả mẫu: =RIGHT(""Gà Excel 2020"",4))"
Đáp án,"=RIGHT(""Gà Excel 2020"",4)"

Yêu cầu 8 (cong_thuc),"Nhập công thức MID theo ví dụ trong bài (kết quả mẫu: =MID(""Gà Excel 2020"",4,5))"
Đáp án,"=MID(""Gà Excel 2020"",4,5)"

Yêu cầu 9 (cong_thuc),"Nhập công thức REPLACE theo ví dụ trong bài (kết quả mẫu: =REPLACE(""Gà Excel 2020"",4,5,""Word""))"
Đáp án,"=REPLACE(""Gà Excel 2020"",4,5,""Word"")"

Yêu cầu 10 (cong_thuc),"Nhập công thức REPT theo ví dụ trong bài (kết quả mẫu: =REPT("" "",100))"
Đáp án,"=REPT("" "",100)"

Yêu cầu 11 (cong_thuc),"Nhập công thức FIND theo ví dụ trong bài (kết quả mẫu: =FIND(""Excel"",""Gà Excel 2020"",1))"
Đáp án,"=FIND(""Excel"",""Gà Excel 2020"",1)"

Yêu cầu 12 (cong_thuc),"Nhập công thức SEARCH theo ví dụ trong bài (kết quả mẫu: =SEARCH(""excel"",""Gà Excel 2020"",1))"
Đáp án,"=SEARCH(""excel"",""Gà Excel 2020"",1)"

