BÀI TẬP,Bài 09 Sort & Filter (Sắp xếp và Lọc dữ liệu)
"Mở file này trong Excel, làm từng yêu cầu rồi đối chiếu đáp án"

Yêu cầu 1 (cong_thuc),Nhập công thức TODAY theo ví dụ trong bài (kết quả mẫu: =TODAY() ra 26/10/2020 trong video)
Đáp án,=TODAY() ra 26/10/2020 trong video

Yêu cầu 2 (cong_thuc),"Nhập công thức DATEDIF theo ví dụ trong bài (kết quả mẫu: =DATEDIF(ngày vào, ngày nghỉ, ""M"") ra 35 tháng; ""Y"" ra 2 năm)"
Đáp án,"=DATEDIF(ngày vào, ngày nghỉ, ""M"") ra 35 tháng; ""Y"" ra 2 năm"

Yêu cầu 3 (cong_thuc),Nhập công thức SUM theo ví dụ trong bài (kết quả mẫu: =SUM(doanh số) ra 700004; Alt+= tự điền)
Đáp án,=SUM(doanh số) ra 700004; Alt+= tự điền

Yêu cầu 4 (cong_thuc),Nhập công thức AVERAGE theo ví dụ trong bài (kết quả mẫu: =AVERAGE(doanh số) ra ~64)
Đáp án,=AVERAGE(doanh số) ra ~64

Yêu cầu 5 (cong_thuc),Nhập công thức COUNT theo ví dụ trong bài (kết quả mẫu: =COUNT(C4:C14) ra 11; bôi cả tiêu đề chữ vẫn 11)
Đáp án,=COUNT(C4:C14) ra 11; bôi cả tiêu đề chữ vẫn 11

Yêu cầu 6 (cong_thuc),"Nhập công thức IF theo ví dụ trong bài (kết quả mẫu: =IF(C6>=$B$1,""Đạt"",""Không đạt""))"
Đáp án,"=IF(C6>=$B$1,""Đạt"",""Không đạt"")"

Yêu cầu 7 (cong_thuc),"Nhập công thức AND theo ví dụ trong bài (kết quả mẫu: =IF(AND(D6=$B$2,C6>=$B$1),""Đạt"",""""))"
Đáp án,"=IF(AND(D6=$B$2,C6>=$B$1),""Đạt"","""")"

Yêu cầu 8 (cong_thuc),"Nhập công thức OR theo ví dụ trong bài (kết quả mẫu: =IF(OR(D6=$B$2,C6>=$B$1),""Đạt"",""""))"
Đáp án,"=IF(OR(D6=$B$2,C6>=$B$1),""Đạt"","""")"

Yêu cầu 9 (cong_thuc),"Nhập công thức VLOOKUP theo ví dụ trong bài (kết quả mẫu: =VLOOKUP(tên, bảng, 2, 0) ra 9.2)"
Đáp án,"=VLOOKUP(tên, bảng, 2, 0) ra 9.2"

Yêu cầu 10 (cong_thuc),"Nhập công thức INDEX + MATCH theo ví dụ trong bài (kết quả mẫu: =INDEX(vùng doanh số, MATCH(tên, vùng tên, 0)))"
Đáp án,"=INDEX(vùng doanh số, MATCH(tên, vùng tên, 0))"

Yêu cầu 11 (thao_tac),Thực hiện bước: Ôn hàm nền: TODAY làm mốc; DATEDIF M/Y tính thâm niên; SUM/AVERAGE/COUNT thống kê; IF+AND/OR kết hợp F4 cố định mục tiêu; VLOOKUP/INDEX+MATCH tra cứu.

Yêu cầu 12 (thao_tac),Thực hiện bước: Bật Filter: click 1 ô BẤT KỲ trong vùng LIỀN NHAU > Data > Filter (hiện nút mũi tên). Tắt/bật lại tương tự; vùng bị cách hàng trống sẽ mất nút ở phần rời.

