BÀI TẬP,Bai 23 - 25 phim tat thong dung
"Mở file này trong Excel, làm từng yêu cầu rồi đối chiếu đáp án"

Yêu cầu 1 (thao_tac),Thực hiện bước: Buoc 1 (Luyen copy-paste-undo): Tai file thuc hanh bai 23 (link mo ta) > Boi den vung mau > Ctrl+C (vien nhap nhay) > chon cho moi > Ctrl+V > Esc thoat nhap nha

Yêu cầu 2 (thao_tac),Thực hiện bước: Buoc 2 (Luyen Find-Replace): Ctrl+F tim 'hang' > Find Next / Find All > Ctrl+H thay 'du lieu' thanh 'Excel' > Replace / Replace All > Ctrl+Z undo 1-2 buoc de ki

Yêu cầu 3 (thao_tac),Thực hiện bước: Buoc 3 (Loc + dieu huong): Ctrl+Shift+L bat AutoFilter > Ctrl+Mui ten nhay goc; Ctrl+Shift+Mui ten boi den; Ctrl+Home ve A1 > Ctrl+PageDown/PageUp chuyen sheet

Yêu cầu 4 (thao_tac),"Thực hiện bước: Buoc 4 (Dinh dang + tong + gia tri): Nhap 1000000/3 roi Ctrl+Shift+1..5 xem 5 kieu > Alt+= tinh tong cot/hang ke tren/trai > Enter > Copy cot cong thuc > Alt,H,"

Yêu cầu 5 (thao_tac),Thực hiện bước: Buoc 5 (Ngay-gio-xuong dong-chart-insert): Ctrl+; chen ngay; Ctrl+Shift+; chen gio; Alt+Enter xuong dong trong o > Ctrl+A chon vung/sheet; Alt+F1 ve chart > Shi

