BÀI TẬP,Bai 03 nhom ham tinh tong SUM SUMIF SUMIFS
"Mở file này trong Excel, làm từng yêu cầu rồi đối chiếu đáp án"

Yêu cầu 1 (cong_thuc),"Nhập công thức SUM theo ví dụ trong bài (kết quả mẫu: =SUM(3,7,6,8,9))"
Đáp án,"=SUM(3,7,6,8,9)"

Yêu cầu 2 (cong_thuc),"Nhập công thức SUMIF theo ví dụ trong bài (kết quả mẫu: =SUMIF($B$4:$B$18,F9,$D$4:$D$18))"
Đáp án,"=SUMIF($B$4:$B$18,F9,$D$4:$D$18)"

Yêu cầu 3 (cong_thuc),"Nhập công thức SUMIFS theo ví dụ trong bài (kết quả mẫu: =SUMIFS($D$4:$D$18,$B$4:$B$18,F16,$C$4:$C$18,G14))"
Đáp án,"=SUMIFS($D$4:$D$18,$B$4:$B$18,F16,$C$4:$C$18,G14)"

Yêu cầu 4 (cong_thuc),"Nhập công thức Nhap ham nhanh va sua cong thuc theo ví dụ trong bài (kết quả mẫu: =SUM(3,7,6,8,9))"
Đáp án,"=SUM(3,7,6,8,9)"

Yêu cầu 5 (thao_tac),Thực hiện bước: Tra loi bai cu: them nut vao Quick Access qua More Commands > All Commands > Add; doi font mac dinh qua File > Options > General roi khoi dong lai.

Yêu cầu 6 (thao_tac),"Thực hiện bước: Nhap ham: go = hoac + roi go ten ham, dung goi y Tab/double-click; F2 de sua cong thuc."

Yêu cầu 7 (thao_tac),Thực hiện bước: Dung SUM de tinh tong toan bo: =SUM(D4:D18); chon vung bang keo chuot hoac Shift+mui ten; dinh dang Comma.

Yêu cầu 8 (thao_tac),"Thực hiện bước: Dung SUMIF cho 1 dieu kien theo khu vuc: vung dieu kien khu vuc, dieu kien o F9, vung tong doanh thu; F4 co dinh ngay."

Yêu cầu 9 (thao_tac),"Thực hiện bước: Keo fill handle xuong; neu vung dich thi F4 co dinh $B$4:$B$18, $D$4:$D$18."

Yêu cầu 10 (thao_tac),"Thực hiện bước: Dung SUMIFS cho 2-3 dieu kien: vung tong dung dau, sau la cac cap vung/dieu kien; dieu kien so viet trong ngoac kep vi du lon hon 800000."

Yêu cầu 11 (thao_tac),Thực hiện bước: Nen dung SUMIFS thong nhat ca cho 1 dieu kien; neu F4 hong thi go $ tay hoac Fn+F4.

