BÀI TẬP,Bài 07 VLOOKUP HLOOKUP
"Mở file này trong Excel, làm từng yêu cầu rồi đối chiếu đáp án"

Yêu cầu 1 (cong_thuc),"Nhập công thức LEFT (tách họ) theo ví dụ trong bài (kết quả mẫu: =LEFT(B4, FIND("" "",B4))"
Đáp án,"=LEFT(B4, FIND("" "",B4)"

Yêu cầu 2 (cong_thuc),"Nhập công thức FIND / SEARCH theo ví dụ trong bài (kết quả mẫu: =FIND("" "",B4))"
Đáp án,"=FIND("" "",B4)"

Yêu cầu 3 (cong_thuc),"Nhập công thức REPT theo ví dụ trong bài (kết quả mẫu: =REPT("" "",100))"
Đáp án,"=REPT("" "",100)"

Yêu cầu 4 (cong_thuc),"Nhập công thức SUBSTITUTE theo ví dụ trong bài (kết quả mẫu: =SUBSTITUTE(B4,"" "",REPT("" "",100))"
Đáp án,"=SUBSTITUTE(B4,"" "",REPT("" "",100)"

Yêu cầu 5 (cong_thuc),"Nhập công thức RIGHT (tách tên) theo ví dụ trong bài (kết quả mẫu: =RIGHT(...,100))"
Đáp án,"=RIGHT(...,100)"

Yêu cầu 6 (cong_thuc),"Nhập công thức TRIM theo ví dụ trong bài (kết quả mẫu: =TRIM(RIGHT(SUBSTITUTE(B4,"" "",REPT("" "",100))"
Đáp án,"=TRIM(RIGHT(SUBSTITUTE(B4,"" "",REPT("" "",100)"

Yêu cầu 7 (cong_thuc),"Nhập công thức VLOOKUP theo ví dụ trong bài (kết quả mẫu: =VLOOKUP(I5,$B$4:F9,3,0))"
Đáp án,"=VLOOKUP(I5,$B$4:F9,3,0)"

Yêu cầu 8 (cong_thuc),"Nhập công thức HLOOKUP theo ví dụ trong bài (kết quả mẫu: =HLOOKUP(tên, bảng ngang, 3, 0))"
Đáp án,"=HLOOKUP(tên, bảng ngang, 3, 0)"

Yêu cầu 9 (cong_thuc),"Nhập công thức VLOOKUP lookup_value theo ví dụ trong bài (kết quả mẫu: =VLOOKUP(lookup_value, ...))"
Đáp án,"=VLOOKUP(lookup_value, ...)"

Yêu cầu 10 (cong_thuc),"Nhập công thức VLOOKUP table_array + F4 theo ví dụ trong bài (kết quả mẫu: =VLOOKUP(..., table_array, ...))"
Đáp án,"=VLOOKUP(..., table_array, ...)"

Yêu cầu 11 (cong_thuc),"Nhập công thức VLOOKUP col_index_num theo ví dụ trong bài (kết quả mẫu: =VLOOKUP(..., col_index_num, ...))"
Đáp án,"=VLOOKUP(..., col_index_num, ...)"

Yêu cầu 12 (cong_thuc),"Nhập công thức HLOOKUP row_index_num theo ví dụ trong bài (kết quả mẫu: =HLOOKUP(tên, bảng ngang, 3, 0))"
Đáp án,"=HLOOKUP(tên, bảng ngang, 3, 0)"

