BÀI TẬP,Bài 10 Format Cells - Custom Number Format
"Mở file này trong Excel, làm từng yêu cầu rồi đối chiếu đáp án"

Yêu cầu 1 (thao_tac),"Thực hiện bước: Mở Format Cells: bôi vùng > Ctrl+1 (hoặc chuột phải > Format Cells) > thẻ Number > Category = Custom; xóa mẫu cũ trong ô Type, gõ mã mới, xem Sample rồi OK."

Yêu cầu 2 (thao_tac),"Thực hiện bước: Hàng ngàn: Type '#,##0.00""K""' (thêm dấu cách trước K cho đẹp). Dấu phẩy = phân cách ngàn. Áp dụng cho cột doanh thu displaying 10.940.326 thành 10,940.33 K."

Yêu cầu 3 (thao_tac),"Thực hiện bước: Hàng triệu: Type '#,##0.00,,""M""' — BẮT BUỘC 2 dấu phẩy (lùi 6 số: ngàn rồi triệu); có thể thay M bằng 'triệu'. 10.940.326 hiển thị 10.94 M."

Yêu cầu 4 (thao_tac),Thực hiện bước: Giữ nguyên độ rộng cột khi copy bảng: copy 1 ô cột mẫu > chuột phải vùng đích > Paste Special > Column widths > OK.

Yêu cầu 5 (thao_tac),"Thực hiện bước: Đệm số 0: '0000' (tối thiểu 4 chữ số) / '00000' (5 số, bài tập mã vùng). Nhập 123 ra 0123; lớn hơn giữ nguyên. SĐT 10 số: '0000 000 000' hoặc '0000-000-000'. Mã"

Yêu cầu 6 (thao_tac),"Thực hiện bước: Ngày tháng: 'mmm-yy' (Apr-20), 'dd-mmm-yyyy' (17-Apr-2020). m = tháng, d = ngày, y = năm; số lượng ký tự quyết định dạng hiển thị."

Yêu cầu 7 (thao_tac),"Thực hiện bước: Giờ lũy tiến: '[h]:mm' (ngoặc vuông = không reset sau 24h; 25h hiện 25:00 thay vì 1:00). '[m]' tổng phút, '[s]' tổng giây. Cú pháp khoảng: 0 (bắt buộc số), # (t"

Yêu cầu 8 (thao_tac),"Thực hiện bước: Ẩn và màu: ';;;' ẩn toàn bộ; '#;#;' ẩn số 0 trên nhãn biểu đồ. Màu: '[Blue]#,##0;[Red]-#,##0' (dương xanh, âm đỏ); '[Color5]' màu theo số 1-56. Lặp ký tự: '*-' "

